amino_sequence,dense_encoding,qubit_len,mRNA_sequence,value,time
FVFLVLLP,01000011001001010,17,UUCGUGUUCCUCGUGCUGCUGCCG,7361.0856,15.894994974136353
LVSSQCVN,0011000000110100,16,CUCGUGAGCAGUCAGUGCGUGAAC,2227.3632,7.509142160415649
LTTRTQLP,010101010110101010,18,CUGACGACGCGUACGCAGCUGCCG,2162.628,30.061567306518555
PAYTNSFT,10101100000001,14,CCGGCGUAUACGAACAGCUUCACC,9040.176,3.1284561157226562
RGVYYPDK,0110110011011,13,CGCGGCGUGUACUAUCCGGAUAAG,9019.9584,1.4976472854614258
VFRSSVLH,100101000000100101,18,GUGUUCCGUAGCAGCGUGCUGCAU,3889.3536,24.716695070266724
STQDLFLP,0001011010001010,16,AGCACGCAGGAUCUGUUCCUGCCG,7271.748,7.320523977279663
FFSNVTWF,00000010100,11,UUCUUCAGCAACGUGACGUGGUUC,10740.2112,0.5099129676818848
HAIHVSGT,110001100000101,15,CAUGCGAUACAUGUGAGCGGCACC,3937.0464,5.938610792160034
NGTKRFDN,001011011010,12,AACGGCACCAAGCGCUUCGAUAAC,12462.7176,1.0024878978729248
