protein_sequence,dense_encoding_string,qubit_len,mRNA_sequence,value,time
KIILF,101000100,9,AAGAUCAUACUGUUC,1492.043,1.241407871246338
LALIT,001100100110,12,CUCGCGCUGAUCACG,138.87,7.086552858352661
LATCE,001101001,9,CUCGCGACGUGCGAG,148.388,1.219599962234497
LYHYQ,0101011,7,CUGUAUCACUAUCAG,67.568,0.5983140468597412
ECVRG,101010111,9,GAGUGCGUGCGUGGU,786.667,1.2204999923706055
TTVLL,101110010010,12,ACGACUGUGCUGCUG,122.782,7.059558153152466
KEPCS,10100000,8,AAGGAACCGUGCAGC,2119.635,0.859443187713623
SGTYE,000011011,9,AGCGGCACGUAUGAG,1467.113,1.2149219512939453
GNSPF,010101100,9,GGCAACUCUCCGUUC,2807.19,1.2753677368164062
HPLAD,110001001,9,CAUCCGCUCGCAGAU,1468.125,1.3009049892425537
NKFAL,01010010,8,AACAAGUUCGCGCUG,2125.867,0.8318459987640381
TCFST,100000010,9,ACGUGCUUCAGCACG,1469.475,1.2498157024383545
QFAFA,1010010,7,CAGUUCGCGUUCGCG,2796.817,0.6732141971588135
CPDGV,11010110,8,UGUCCGGAUGGCGUG,2788.38,0.9860961437225342
KHVYQ,111011,6,AAGCAUGUGUAUCAG,762.75,0.4857180118560791
LRARS,01010110101000,14,CUGCGUGCGCGUAGC,120.173,37.532793045043945
VSPKL,10001101010,11,GUGAGUCCGAAGCUG,2150.01,3.718545913696289
FIRQE,00010110,8,UUCAUACGUCAGGAA,1459.485,0.8657560348510742
EVQEL,01011010,8,GAAGUGCAGGAGCUG,1430.595,0.8306879997253418
YSPIF,100110010,9,UAUAGUCCGAUCUUC,2130.772,1.247270107269287
LIVAA,01001010010,11,CUGAUCGUCGCAGCG,130.298,3.5185561180114746
IVFIT,011000110,9,AUCGUGUUCAUCACG,1458.495,1.2086360454559326
LCFTL,0100010010,10,CUGUGCUUCACGCUG,1441.935,2.1025118827819824
KRKTE,10111111,8,AAGCGCAAGACUGAG,2174.467,0.8145737648010254
