amino_sequence,dense_encoding,qubit_len,mRNA_sequence,value,time
FVF,0100,4,UUCGUGUUC,507.609,33.16435194015503
LVL,00110010,8,CUCGUGCUG,32.3757,0.05780196189880371
LPL,01010010,8,CUGCCGCUG,507.2985,0.049681901931762695
VSS,10000000,8,GUGAGCAGC,30.4074,0.049424171447753906
QCV,1010,4,CAGUGCGUG,17.406899999999997,0.008038759231567383
NLT,001010,6,AACCUGACG,263.6613,0.022053956985473633
TRT,1010110,7,ACGCGUACG,30.7719,0.033715009689331055
QLP,101010,6,CAGCUGCCG,261.9414,0.021711111068725586
PAY,10101,5,CCGGCGUAU,262.3266,0.012408018112182617
TNS,010000,6,ACCAACAGC,507.4875,0.021693944931030273
