amino_sequence,dense_encoding,qubit_len,mRNA_sequence,value,time
FVF,,4,,1000000,0.00872492790222168
LVL,,8,,1000000,0.08474302291870117
LPL,,8,,1000000,0.0471959114074707
VSS,,8,,1000000,0.04817509651184082
QCV,,4,,1000000,0.007580995559692383
NLT,,6,,1000000,0.022140979766845703
TRT,,7,,1000000,0.03327322006225586
QLP,,6,,1000000,0.024419784545898438
PAY,,5,,1000000,0.01354074478149414
TNS,,6,,1000000,0.022628068923950195
