amino_sequence,dense_encoding,qubit_len,mRNA_sequence,value,time
FVF,,4,,1000000,0.010478734970092773
LVL,,8,,1000000,0.09924888610839844
LPL,,8,,1000000,0.07103610038757324
VSS,,8,,1000000,0.049275875091552734
QCV,,4,,1000000,0.008326053619384766
NLT,,6,,1000000,0.022729158401489258
TRT,,7,,1000000,0.03261399269104004
QLP,,6,,1000000,0.022464990615844727
PAY,,5,,1000000,0.012629032135009766
TNS,,6,,1000000,0.021831274032592773
